{"cameraMode":{"drawMode":0,"name":"Shaded","section":"Shading Mode"},"sceneLighting":false,"audioPlay":false,"sceneViewState":{"m_AlwaysRefresh":false,"showFog":true,"showSkybox":true,"showFlares":true,"showImageEffects":true,"showParticleSystems":true,"showVisualEffectGraphs":true,"m_FxEnabled":true},"in2DMode":false,"pivot":{"x":1.7588709592819214,"y":1.323925256729126,"z":0.09627318382263184},"rotation":{"x":0.2508215010166168,"y":-0.04612413048744202,"z":0.012079530395567418,"w":0.9669452905654907},"size":1.8073949813842774,"orthographic":false}